<edmx:Edmx xmlns:edmx="http://schemas.microsoft.com/ado/2007/06/edmx"
	xmlns:m="http://schemas.microsoft.com/ado/2007/08/dataservices/metadata" xmlns:sap="http://www.sap.com/Protocols/SAPData" Version="1.0">
	<edmx:Reference xmlns:edmx="http://docs.oasis-open.org/odata/ns/edmx"
		Uri="./IWFND/CATALOGSERVICE;v=2/Vocabularies(TechnicalName='%2FIWBEP%2FVOC_COMMON',Version='0001',SAP__Origin='LOCAL')/$value"><edmx:Include Namespace="com.sap.vocabularies.Common.v1" Alias="Common"/></edmx:Reference>
	<edmx:Reference xmlns:edmx="http://docs.oasis-open.org/odata/ns/edmx"
		Uri="./IWFND/CATALOGSERVICE;v=2/Vocabularies(TechnicalName='%2FIWBEP%2FVOC_CAPABILITIES',Version='0001',SAP__Origin='LOCAL')/$value"><edmx:Include Namespace="Org.OData.Capabilities.V1" Alias="Capabilities"/></edmx:Reference>
	<edmx:Reference xmlns:edmx="http://docs.oasis-open.org/odata/ns/edmx"
		Uri="./IWFND/CATALOGSERVICE;v=2/Vocabularies(TechnicalName='%2FIWBEP%2FVOC_COMMUNICATION',Version='0001',SAP__Origin='LOCAL')/$value"><edmx:Include Namespace="com.sap.vocabularies.Communication.v1" Alias="Communication"/></edmx:Reference>
	<edmx:Reference xmlns:edmx="http://docs.oasis-open.org/odata/ns/edmx"
		Uri="./IWFND/CATALOGSERVICE;v=2/Vocabularies(TechnicalName='%2FIWBEP%2FVOC_AGGREGATION',Version='0001',SAP__Origin='LOCAL')/$value"><edmx:Include Namespace="Org.OData.Aggregation.V1" Alias="Aggregation"/></edmx:Reference>
	<edmx:DataServices m:DataServiceVersion="2.0">
		<Schema xmlns="http://schemas.microsoft.com/ado/2008/09/edm" Namespace="ZNIMI_MKT_ORG_WITH_MKTAREA_CDS" xml:lang="en" sap:schema-version="1">
			<EntityType Name="zmktareaf4Type" sap:label="Nimi Marketing area F4" sap:content-version="1">
				<Key><PropertyRef Name="MarketingArea"/></Key><Property Name="MarketingArea" Type="Edm.String" Nullable="false" MaxLength="40" sap:display-format="UpperCase"
					sap:label="Marketing Area ID"/><Property Name="MarketingName" Type="Edm.String" MaxLength="120" sap:label="Marketing Area" sap:quickinfo="Description for Marketing Area"/></EntityType>
			<EntityType Name="ZNIMI_MKT_ORG_WITH_MKTAREAType" sap:label="Marketing organizer with Marketing area" sap:content-version="1">
				<Key><PropertyRef Name="db_key"/></Key><Property Name="db_key" Type="Edm.Guid" Nullable="false" sap:label="" sap:quickinfo="NodeID"/><Property Name="parentnode_id" Type="Edm.Guid" sap:label="" sap:quickinfo="NodeID"/><Property Name="hierarchy_level" Type="Edm.Int16" sap:label="Int2" sap:quickinfo="Integer 2"/><Property Name="marketing_area" Type="Edm.String" MaxLength="40" sap:display-format="UpperCase" sap:label="Marketing Area ID"
					sap:value-list="standard"/><Property Name="name" Type="Edm.String" MaxLength="255" sap:display-format="UpperCase" sap:label="Name"/><Property Name="object_type" Type="Edm.String" MaxLength="50" sap:display-format="UpperCase" sap:label="Node Object Type"
					sap:quickinfo="Object type"/><Property Name="is_public" Type="Edm.Boolean" sap:display-format="UpperCase" sap:label=""
					sap:quickinfo="Boolean Variable (X = True, - = False, Space = Unknown)"/><Property Name="reference_object_id" Type="Edm.String" sap:display-format="UpperCase" sap:label="Ref Object ID"
					sap:quickinfo="Reference Object ID"/><Property Name="crea_date_time" Type="Edm.DateTimeOffset" Precision="7" sap:label="Time Stamp"
					sap:quickinfo="UTC Time Stamp in Long Form (YYYYMMDDhhmmssmmmuuun)"/><Property Name="crea_uname" Type="Edm.String" MaxLength="12" sap:display-format="UpperCase" sap:label="User Name"/><Property Name="lchg_date_time" Type="Edm.DateTimeOffset" Precision="7" sap:label="Time Stamp"
					sap:quickinfo="UTC Time Stamp in Long Form (YYYYMMDDhhmmssmmmuuun)"/><Property Name="lchg_uname" Type="Edm.String" MaxLength="12" sap:display-format="UpperCase" sap:label="User Name"/><NavigationProperty Name="to_MktAreaValueHelp" Relationship="ZNIMI_MKT_ORG_WITH_MKTAREA_CDS.assoc_99F620EED5D0C47A8CB3C0726DAE70A4"
					FromRole="FromRole_assoc_99F620EED5D0C47A8CB3C0726DAE70A4" ToRole="ToRole_assoc_99F620EED5D0C47A8CB3C0726DAE70A4"/></EntityType>
			<Association Name="assoc_99F620EED5D0C47A8CB3C0726DAE70A4" sap:content-version="1"><End Type="ZNIMI_MKT_ORG_WITH_MKTAREA_CDS.ZNIMI_MKT_ORG_WITH_MKTAREAType" Multiplicity="1"
				Role="FromRole_assoc_99F620EED5D0C47A8CB3C0726DAE70A4"/><End Type="ZNIMI_MKT_ORG_WITH_MKTAREA_CDS.zmktareaf4Type" Multiplicity="0..1" Role="ToRole_assoc_99F620EED5D0C47A8CB3C0726DAE70A4"/></Association>
			<EntityContainer Name="ZNIMI_MKT_ORG_WITH_MKTAREA_CDS_Entities" m:IsDefaultEntityContainer="true" sap:supported-formats="atom json xlsx"><EntitySet Name="zmktareaf4" EntityType="ZNIMI_MKT_ORG_WITH_MKTAREA_CDS.zmktareaf4Type" sap:creatable="false" sap:updatable="false"
				sap:deletable="false" sap:searchable="true" sap:content-version="1"/><EntitySet Name="ZNIMI_MKT_ORG_WITH_MKTAREA" EntityType="ZNIMI_MKT_ORG_WITH_MKTAREA_CDS.ZNIMI_MKT_ORG_WITH_MKTAREAType"
				sap:content-version="1"/>
				<AssociationSet Name="assoc_99F620EED5D0C47A8CB3C0726DAE70A4"
					Association="ZNIMI_MKT_ORG_WITH_MKTAREA_CDS.assoc_99F620EED5D0C47A8CB3C0726DAE70A4" sap:creatable="false" sap:updatable="false"
					sap:deletable="false" sap:content-version="1"><End EntitySet="ZNIMI_MKT_ORG_WITH_MKTAREA" Role="FromRole_assoc_99F620EED5D0C47A8CB3C0726DAE70A4"/><End EntitySet="zmktareaf4" Role="ToRole_assoc_99F620EED5D0C47A8CB3C0726DAE70A4"/></AssociationSet>
			</EntityContainer>
			<Annotations xmlns="http://docs.oasis-open.org/odata/ns/edm"
				Target="ZNIMI_MKT_ORG_WITH_MKTAREA_CDS.ZNIMI_MKT_ORG_WITH_MKTAREAType/marketing_area">
				<Annotation Term="Common.ValueList">
					<Record><PropertyValue Property="Label" String="Nimi Marketing area F4"/><PropertyValue Property="CollectionPath" String="zmktareaf4"/><PropertyValue Property="SearchSupported" Bool="true"/>
						<PropertyValue Property="Parameters">
							<Collection>
								<Record Type="Common.ValueListParameterInOut"><PropertyValue Property="LocalDataProperty" PropertyPath="marketing_area"/><PropertyValue Property="ValueListProperty" String="MarketingArea"/></Record>
								<Record Type="Common.ValueListParameterDisplayOnly"><PropertyValue Property="ValueListProperty" String="MarketingName"/></Record>
							</Collection>
						</PropertyValue>
					</Record>
				</Annotation>
			</Annotations>
			<Annotations xmlns="http://docs.oasis-open.org/odata/ns/edm" Target="ZNIMI_MKT_ORG_WITH_MKTAREA_CDS.ZNIMI_MKT_ORG_WITH_MKTAREA_CDS_Entities">
				<Annotation Term="Aggregation.ApplySupported">
					<Record>
						<PropertyValue Property="Transformations">
							<Collection>
								<String>aggregate</String>
								<String>groupby</String>
								<String>filter</String>
							</Collection>
						</PropertyValue><PropertyValue Property="Rollup" EnumMember="None"/></Record>
				</Annotation>
			</Annotations>
			<Annotations xmlns="http://docs.oasis-open.org/odata/ns/edm"
				Target="ZNIMI_MKT_ORG_WITH_MKTAREA_CDS.ZNIMI_MKT_ORG_WITH_MKTAREA_CDS_Entities/ZNIMI_MKT_ORG_WITH_MKTAREA">
				<Annotation Term="Capabilities.FilterRestrictions">
					<Record>
						<PropertyValue Property="FilterExpressionRestrictions">
							<Collection>
								<Record><PropertyValue Property="Property" PropertyPath="reference_object_id"/><PropertyValue Property="AllowedExpressions" String="SearchExpression"/></Record>
							</Collection>
						</PropertyValue>
					</Record>
				</Annotation>
				<Annotation Term="Capabilities.SortRestrictions">
					<Record>
						<PropertyValue Property="NonSortableProperties">
							<Collection>
								<PropertyPath>reference_object_id</PropertyPath>
							</Collection>
						</PropertyValue>
					</Record>
				</Annotation>
			</Annotations><atom:link xmlns:atom="http://www.w3.org/2005/Atom" rel="self" href="./sap/ZNIMI_MKT_ORG_WITH_MKTAREA_CDS/$metadata"/><atom:link xmlns:atom="http://www.w3.org/2005/Atom" rel="latest-version" href="./sap/ZNIMI_MKT_ORG_WITH_MKTAREA_CDS/$metadata"/></Schema>
	</edmx:DataServices>
</edmx:Edmx>