<edmx:Edmx xmlns:edmx="http://docs.oasis-open.org/odata/ns/edmx" Version="4.0">
	<edmx:Reference Uri="../../catalogservice;v=2/Vocabularies(TechnicalName='%2FIWBEP%2FVOC_COMMON',Version='0001',SAP__Origin='LOCAL')/$value"><edmx:Include Namespace="com.sap.vocabularies.Common.v1" Alias="Common"/></edmx:Reference>
	<edmx:Reference Uri="../../catalogservice;v=2/Vocabularies(TechnicalName='%2FIWBEP%2FVOC_UI',Version='0001',SAP__Origin='LOCAL')/$value"><edmx:Include Namespace="com.sap.vocabularies.UI.v1" Alias="UI"/></edmx:Reference>
	<edmx:Reference
		Uri="../../catalogservice;v=2/Vocabularies(TechnicalName='%2FIWBEP%2FVOC_COMMUNICATION',Version='0001',SAP__Origin='LOCAL')/$value"><edmx:Include Namespace="com.sap.vocabularies.Communication.v1" Alias="Communication"/></edmx:Reference>
	<edmx:Reference Uri="../../../sap/znimi_mkt_org_with_mktarea_cds/$metadata"><edmx:Include Namespace="ZNIMI_MKT_ORG_WITH_MKTAREA_CDS" Alias="SAP"/></edmx:Reference>
	<edmx:DataServices>
		<Schema xmlns="http://docs.oasis-open.org/odata/ns/edm" Namespace="znimi_mkt_org_with_mktarea_c_van.v1">
			<Annotations Target="ZNIMI_MKT_ORG_WITH_MKTAREA_CDS.ZNIMI_MKT_ORG_WITH_MKTAREAType/crea_date_time"><Annotation Term="UI.Hidden"/></Annotations>
			<Annotations Target="ZNIMI_MKT_ORG_WITH_MKTAREA_CDS.ZNIMI_MKT_ORG_WITH_MKTAREAType/crea_uname"><Annotation Term="UI.Hidden"/></Annotations>
			<Annotations Target="ZNIMI_MKT_ORG_WITH_MKTAREA_CDS.ZNIMI_MKT_ORG_WITH_MKTAREAType/lchg_date_time"><Annotation Term="UI.Hidden"/></Annotations>
			<Annotations Target="ZNIMI_MKT_ORG_WITH_MKTAREA_CDS.ZNIMI_MKT_ORG_WITH_MKTAREAType/lchg_uname"><Annotation Term="UI.Hidden"/></Annotations>
			<Annotations Target="ZNIMI_MKT_ORG_WITH_MKTAREA_CDS.ZNIMI_MKT_ORG_WITH_MKTAREAType">
				<Annotation Term="UI.Identification">
					<Collection>
						<Record Type="UI.DataField"><PropertyValue Property="Label" String="Node Id"/><PropertyValue Property="Value" Path="db_key"/></Record>
						<Record Type="UI.DataField"><PropertyValue Property="Label" String="Parent Node Id"/><PropertyValue Property="Value" Path="parentnode_id"/></Record>
						<Record Type="UI.DataField"><PropertyValue Property="Label" String="HierarchyLevel"/><PropertyValue Property="Value" Path="hierarchy_level"/></Record>
						<Record Type="UI.DataField"><PropertyValue Property="Label" String="Name"/><PropertyValue Property="Value" Path="name"/></Record>
						<Record Type="UI.DataField"><PropertyValue Property="Label" String="Marketing Area"/><PropertyValue Property="Value" Path="marketing_area"/></Record>
						<Record Type="UI.DataField"><PropertyValue Property="Label" String="Object Type"/><PropertyValue Property="Value" Path="object_type"/></Record>
						<Record Type="UI.DataField"><PropertyValue Property="Label" String="Public"/><PropertyValue Property="Value" Path="is_public"/></Record>
						<Record Type="UI.DataField"><PropertyValue Property="Label" String="Ref Object Id"/><PropertyValue Property="Value" Path="reference_object_id"/></Record>
					</Collection>
				</Annotation>
				<Annotation Term="UI.LineItem">
					<Collection>
						<Record Type="UI.DataField"><PropertyValue Property="Value" Path="db_key"/></Record>
						<Record Type="UI.DataField"><PropertyValue Property="Value" Path="parentnode_id"/></Record>
						<Record Type="UI.DataField"><PropertyValue Property="Value" Path="hierarchy_level"/></Record>
						<Record Type="UI.DataField"><PropertyValue Property="Value" Path="name"/></Record>
						<Record Type="UI.DataField"><PropertyValue Property="Value" Path="marketing_area"/></Record>
						<Record Type="UI.DataField"><PropertyValue Property="Value" Path="object_type"/></Record>
						<Record Type="UI.DataField"><PropertyValue Property="Value" Path="is_public"/></Record>
						<Record Type="UI.DataField"><PropertyValue Property="Value" Path="reference_object_id"/></Record>
					</Collection>
				</Annotation>
			</Annotations>
		</Schema>
	</edmx:DataServices>
</edmx:Edmx>